"행정구역별","항목",2018,2018,2018,2018,2018,2018,2019,2019,2019,2019,2019,2019,2020,2020,2020,2020,2020,2020,2021,2021,2021,2021,2021,2021,2022,2022,2022,2022,2022,2022,2023,2023,2023,2023,2023,2023
"행정구역별","항목",계,30대이하,40대,50대,60대,70대이상,계,30대이하,40대,50대,60대,70대이상,계,30대이하,40대,50대,60대,70대이상,계,30대이하,40대,50대,60대,70대이상,계,30대이하,40대,50대,60대,70대이상,계,30대이하,40대,50대,60대,70대이상
"전국","귀농가구원수 (명)",17856,4233,2613,5729,4199,1082,16181,3413,2167,5377,4185,1039,17447,3699,2210,5403,4925,1210,19776,3842,2295,5890,6299,1450,16906,3009,1895,4888,5747,1367,13680,2449,1448,4034,4655,1094
"전국","귀농인수 (명)",12055,1365,2028,4502,3403,757,11504,1212,1752,4291,3490,759,12570,1370,1791,4402,4084,923,14461,1522,1858,4772,5203,1106,12660,1195,1568,4025,4828,1044,10540,1142,1229,3356,3940,873
"전국","동반가구원수 (명)",5801,2868,585,1227,796,325,4677,2201,415,1086,695,280,4877,2329,419,1001,841,287,5315,2320,437,1118,1096,344,4246,1814,327,863,919,323,3140,1307,219,678,715,221
"부산광역시","귀농가구원수 (명)",36,8,9,8,7,4,20,5,0,7,4,4,65,24,7,18,8,8,43,15,7,9,11,X,35,5,7,8,11,4,46,7,6,20,11,X
"부산광역시","귀농인수 (명)",25,X,6,7,6,X,18,4,0,7,4,X,35,7,6,14,6,X,26,X,5,9,9,X,24,0,7,7,9,X,36,X,6,19,8,X
"부산광역시","동반가구원수 (명)",11,5,X,X,X,X,X,X,0,0,0,X,30,17,X,4,X,6,17,13,X,0,X,0,11,5,0,X,X,X,10,6,0,X,X,0
"기장군","귀농가구원수 (명)",36,8,9,8,7,4,20,5,0,7,4,4,65,24,7,18,8,8,43,15,7,9,11,X,35,5,7,8,11,4,46,7,6,20,11,X
"기장군","귀농인수 (명)",25,X,6,7,6,X,18,4,0,7,4,X,35,7,6,14,6,X,26,X,5,9,9,X,24,0,7,7,9,X,36,X,6,19,8,X
"기장군","동반가구원수 (명)",11,5,X,X,X,X,X,X,0,0,0,X,30,17,X,4,X,6,17,13,X,0,X,0,11,5,0,X,X,X,10,6,0,X,X,0
"대구광역시","귀농가구원수 (명)",113,44,21,26,17,5,135,53,17,33,26,6,97,33,9,23,27,5,111,33,15,25,35,X,103,29,14,24,25,11,223,42,29,73,67,12
"대구광역시","귀농인수 (명)",59,10,11,21,13,4,76,14,13,22,21,6,58,11,6,18,19,4,71,10,12,19,28,X,62,10,11,17,19,5,163,13,24,61,55,10
"대구광역시","동반가구원수 (명)",54,34,10,5,4,X,59,39,4,11,5,0,39,22,X,5,8,X,40,23,X,6,7,X,41,19,X,7,6,6,60,29,5,12,12,X
"달성군","귀농가구원수 (명)",113,44,21,26,17,5,135,53,17,33,26,6,97,33,9,23,27,5,111,33,15,25,35,X,103,29,14,24,25,11,118,33,15,34,34,X
"달성군","귀농인수 (명)",59,10,11,21,13,4,76,14,13,22,21,6,58,11,6,18,19,4,71,10,12,19,28,X,62,10,11,17,19,5,74,9,11,26,27,X
"달성군","동반가구원수 (명)",54,34,10,5,4,X,59,39,4,11,5,0,39,22,X,5,8,X,40,23,X,6,7,X,41,19,X,7,6,6,44,24,4,8,7,X
"군위군","귀농가구원수 (명)",-,-,-,-,-,-,-,-,-,-,-,-,-,-,-,-,-,-,-,-,-,-,-,-,-,-,-,-,-,-,105,9,14,39,33,10
"군위군","귀농인수 (명)",-,-,-,-,-,-,-,-,-,-,-,-,-,-,-,-,-,-,-,-,-,-,-,-,-,-,-,-,-,-,89,4,13,35,28,9
"군위군","동반가구원수 (명)",-,-,-,-,-,-,-,-,-,-,-,-,-,-,-,-,-,-,-,-,-,-,-,-,-,-,-,-,-,-,16,5,X,4,5,X
"인천광역시","귀농가구원수 (명)",201,31,26,70,59,15,194,25,18,67,69,15,169,28,20,49,57,15,229,47,20,57,77,28,154,19,10,47,58,20,104,21,5,27,44,7
"인천광역시","귀농인수 (명)",134,6,19,56,44,9,146,9,14,56,54,13,122,13,15,39,44,11,171,20,16,49,65,21,118,6,8,41,47,16,88,17,5,23,36,7
"인천광역시","동반가구원수 (명)",67,25,7,14,15,6,48,16,4,11,15,X,47,15,5,10,13,4,58,27,4,8,12,7,36,13,X,6,11,4,16,4,0,4,8,0
"강화군","귀농가구원수 (명)",185,29,24,64,54,14,177,24,13,59,66,15,149,22,15,47,50,15,199,40,18,49,68,24,136,19,9,39,51,18,85,20,4,21,33,7
"강화군","귀농인수 (명)",123,6,17,51,40,9,132,8,10,50,51,13,110,11,12,38,38,11,148,16,14,43,58,17,100,6,7,33,40,14,74,17,4,17,29,7
"강화군","동반가구원수 (명)",62,23,7,13,14,5,45,16,X,9,15,X,39,11,X,9,12,4,51,24,4,6,10,7,36,13,X,6,11,4,11,X,0,4,4,0
"옹진군","귀농가구원수 (명)",16,X,X,6,5,X,17,X,5,8,X,0,20,6,5,X,7,0,30,7,X,8,9,4,18,0,X,8,7,X,19,X,X,6,11,0
"옹진군","귀농인수 (명)",11,0,X,5,4,0,14,X,4,6,X,0,12,X,X,X,6,0,23,4,X,6,7,4,18,0,X,8,7,X,14,0,X,6,7,0
"옹진군","동반가구원수 (명)",5,X,0,X,X,X,X,0,X,X,0,0,8,4,X,X,X,0,7,X,0,X,X,0,0,0,0,0,0,0,5,X,0,0,4,0
"울산광역시","귀농가구원수 (명)",127,35,13,44,28,7,80,11,5,26,30,8,109,20,15,40,26,8,157,32,17,54,48,6,104,13,13,35,34,9,101,20,12,32,31,6
"울산광역시","귀농인수 (명)",85,12,8,37,22,6,67,6,4,22,28,7,78,6,15,29,23,5,108,8,14,40,40,6,75,5,13,28,24,5,74,10,10,24,26,4
"울산광역시","동반가구원수 (명)",42,23,5,7,6,X,13,5,X,4,X,X,31,14,0,11,X,X,49,24,X,14,8,0,29,8,0,7,10,4,27,10,X,8,5,X
"울주군","귀농가구원수 (명)",127,35,13,44,28,7,80,11,5,26,30,8,109,20,15,40,26,8,157,32,17,54,48,6,104,13,13,35,34,9,101,20,12,32,31,6
"울주군","귀농인수 (명)",85,12,8,37,22,6,67,6,4,22,28,7,78,6,15,29,23,5,108,8,14,40,40,6,75,5,13,28,24,5,74,10,10,24,26,4
"울주군","동반가구원수 (명)",42,23,5,7,6,X,13,5,X,4,X,X,31,14,0,11,X,X,49,24,X,14,8,0,29,8,0,7,10,4,27,10,X,8,5,X
"세종특별자치시","귀농가구원수 (명)",120,27,17,39,30,7,103,18,17,36,28,4,99,28,18,29,20,4,134,33,18,44,32,7,103,16,7,35,34,11,62,15,4,20,20,X
"세종특별자치시","귀농인수 (명)",88,10,14,31,27,6,71,7,14,26,22,X,71,12,14,24,17,4,90,14,12,33,27,4,81,10,7,30,26,8,48,11,X,16,15,X
"세종특별자치시","동반가구원수 (명)",32,17,X,8,X,X,32,11,X,10,6,X,28,16,4,5,X,0,44,19,6,11,5,X,22,6,0,5,8,X,14,4,X,4,5,0
"세종시","귀농가구원수 (명)",120,27,17,39,30,7,103,18,17,36,28,4,99,28,18,29,20,4,134,33,18,44,32,7,103,16,7,35,34,11,62,15,4,20,20,X
"세종시","귀농인수 (명)",88,10,14,31,27,6,71,7,14,26,22,X,71,12,14,24,17,4,90,14,12,33,27,4,81,10,7,30,26,8,48,11,X,16,15,X
"세종시","동반가구원수 (명)",32,17,X,8,X,X,32,11,X,10,6,X,28,16,4,5,X,0,44,19,6,11,5,X,22,6,0,5,8,X,14,4,X,4,5,0
"경기도","귀농가구원수 (명)",1534,433,198,463,339,101,1403,307,182,472,329,113,1793,553,201,513,428,98,1929,451,217,519,576,166,1888,526,197,522,518,125,1509,361,157,452,427,112
"경기도","귀농인수 (명)",987,146,151,359,266,65,999,117,146,381,280,75,1118,165,155,394,340,64,1288,169,177,397,426,119,1207,147,162,413,402,83,1033,137,120,368,328,80
"경기도","동반가구원수 (명)",547,287,47,104,73,36,404,190,36,91,49,38,675,388,46,119,88,34,641,282,40,122,150,47,681,379,35,109,116,42,476,224,37,84,99,32
"평택시","귀농가구원수 (명)",95,26,9,31,21,8,81,24,10,21,17,9,154,45,26,41,33,9,128,34,18,37,27,12,131,28,17,50,27,9,110,28,14,31,24,13
"평택시","귀농인수 (명)",73,15,7,26,19,6,64,13,8,19,16,8,95,14,17,32,26,6,91,16,16,29,20,10,97,9,15,44,23,6,73,9,10,28,17,9
"평택시","동반가구원수 (명)",22,11,X,5,X,X,17,11,X,X,X,X,59,31,9,9,7,X,37,18,X,8,7,X,34,19,X,6,4,X,37,19,4,X,7,4
"남양주시","귀농가구원수 (명)",66,22,13,18,9,4,92,21,9,40,22,0,103,28,15,35,19,6,112,35,16,33,21,7,270,198,11,25,32,4,109,34,13,28,25,9
"남양주시","귀농인수 (명)",42,8,9,16,7,X,66,6,9,32,19,0,68,11,12,27,15,X,64,9,12,24,16,X,61,11,8,17,21,4,61,8,8,20,18,7
"남양주시","동반가구원수 (명)",24,14,4,X,X,X,26,15,0,8,X,0,35,17,X,8,4,X,48,26,4,9,5,4,209,187,X,8,11,0,48,26,5,8,7,X
"용인시","귀농가구원수 (명)",105,37,22,28,16,X,117,36,15,42,17,7,131,50,9,38,29,5,147,35,19,38,44,11,84,20,6,26,24,8,95,27,11,32,20,5
"용인시","귀농인수 (명)",62,8,18,21,13,X,71,7,14,31,14,5,71,13,9,26,19,4,74,13,17,22,19,X,56,9,5,19,18,5,56,10,7,23,13,X
"용인시","동반가구원수 (명)",43,29,4,7,X,0,46,29,X,11,X,X,60,37,0,12,10,X,73,22,X,16,25,8,28,11,X,7,6,X,39,17,4,9,7,X
"파주시","귀농가구원수 (명)",91,21,8,25,28,9,87,19,10,24,20,14,94,17,9,37,28,X,81,22,8,14,30,7,97,26,15,22,24,10,71,20,10,19,18,4
"파주시","귀농인수 (명)",62,8,7,20,22,5,56,11,6,17,15,7,65,6,7,26,24,X,56,10,8,11,21,6,69,13,14,16,19,7,50,8,9,15,15,X
"파주시","동반가구원수 (명)",29,13,X,5,6,4,31,8,4,7,5,7,29,11,X,11,4,X,25,12,0,X,9,X,28,13,X,6,5,X,21,12,X,4,X,X
"이천시","귀농가구원수 (명)",121,42,21,25,22,11,96,28,15,24,21,8,109,30,17,31,25,6,153,40,18,36,45,14,131,33,8,35,42,13,122,32,9,47,27,7
"이천시","귀농인수 (명)",65,13,13,18,16,5,62,13,12,17,17,X,72,15,14,22,18,X,111,20,12,30,36,13,78,15,4,23,31,5,84,16,7,37,19,5
"이천시","동반가구원수 (명)",56,29,8,7,6,6,34,15,X,7,4,5,37,15,X,9,7,X,42,20,6,6,9,X,53,18,4,12,11,8,38,16,X,10,8,X
"안성시","귀농가구원수 (명)",137,44,18,37,29,9,108,19,18,37,25,9,128,21,15,43,39,10,174,36,30,45,51,12,167,37,24,51,47,8,108,22,16,34,28,8
"안성시","귀농인수 (명)",85,14,11,30,23,7,82,6,14,32,22,8,96,9,10,37,33,7,119,11,21,36,44,7,120,18,22,39,36,5,81,9,15,28,21,8
"안성시","동반가구원수 (명)",52,30,7,7,6,X,26,13,4,5,X,X,32,12,5,6,6,X,55,25,9,9,7,5,47,19,X,12,11,X,27,13,X,6,7,0
"김포시","귀농가구원수 (명)",91,23,6,36,23,X,74,17,9,26,20,X,126,45,15,39,20,7,118,26,12,33,38,9,106,26,16,28,29,7,86,23,18,22,17,6
"김포시","귀농인수 (명)",62,10,5,27,17,X,50,X,8,21,17,X,68,6,13,27,19,X,71,8,9,24,24,6,67,5,14,24,20,4,58,10,13,17,14,4
"김포시","동반가구원수 (명)",29,13,X,9,6,0,24,15,X,5,X,0,58,39,X,12,X,4,47,18,X,9,14,X,39,21,X,4,9,X,28,13,5,5,X,X
"화성시","귀농가구원수 (명)",186,65,21,56,35,9,158,37,24,52,28,17,192,59,17,67,37,12,235,58,30,66,69,12,199,47,26,61,49,16,242,59,25,65,77,16
"화성시","귀농인수 (명)",117,23,18,42,28,6,106,16,17,40,25,8,128,23,12,56,30,7,157,22,24,51,53,7,128,15,23,44,36,10,160,22,17,50,62,9
"화성시","동반가구원수 (명)",69,42,X,14,7,X,52,21,7,12,X,9,64,36,5,11,7,5,78,36,6,15,16,5,71,32,X,17,13,6,82,37,8,15,15,7
"광주시","귀농가구원수 (명)",82,25,20,23,9,5,44,5,X,22,11,X,90,33,18,18,18,X,114,30,7,30,32,15,51,12,6,17,12,4,56,16,4,10,22,4
"광주시","귀농인수 (명)",46,7,15,17,5,X,35,5,X,17,10,X,53,12,12,12,15,X,70,8,7,21,23,11,35,6,4,11,11,X,33,5,4,7,14,X
"광주시","동반가구원수 (명)",36,18,5,6,4,X,9,0,X,5,X,X,37,21,6,6,X,X,44,22,0,9,9,4,16,6,X,6,X,X,23,11,0,X,8,X
"양주시","귀농가구원수 (명)",46,18,4,13,6,5,36,9,5,7,9,6,51,19,8,11,8,5,32,7,X,7,12,X,48,10,6,16,14,X,46,20,X,10,13,X
"양주시","귀농인수 (명)",31,10,X,10,5,4,27,X,5,6,8,5,26,4,5,8,6,X,24,4,X,4,10,X,35,4,5,13,12,X,24,5,X,8,10,0
"양주시","동반가구원수 (명)",15,8,X,X,X,X,9,6,0,X,X,X,25,15,X,X,X,X,8,X,0,X,X,0,13,6,X,X,X,X,22,15,X,X,X,X
"포천시","귀농가구원수 (명)",89,25,11,30,19,4,83,23,9,18,27,6,95,20,16,32,23,4,127,30,11,34,45,7,121,18,11,43,39,10,84,22,7,27,23,5
"포천시","귀농인수 (명)",56,6,9,24,17,0,60,11,7,13,25,4,69,7,14,24,21,X,88,13,11,23,35,6,89,9,10,33,31,6,60,10,7,22,17,4
"포천시","동반가구원수 (명)",33,19,X,6,X,4,23,12,X,5,X,X,26,13,X,8,X,X,39,17,0,11,10,X,32,9,X,10,8,4,24,12,0,5,6,X
"여주시","귀농가구원수 (명)",134,33,12,39,44,6,102,17,10,31,35,9,127,33,13,26,47,8,140,21,11,40,46,22,118,14,14,40,43,7,131,22,10,50,41,8
"여주시","귀농인수 (명)",85,7,11,29,34,4,78,7,8,29,26,8,90,16,12,20,35,7,99,10,8,32,37,12,91,6,10,37,32,6,102,10,8,44,35,5
"여주시","동반가구원수 (명)",49,26,X,10,10,X,24,10,X,X,9,X,37,17,X,6,12,X,41,11,X,8,9,10,27,8,4,X,11,X,29,12,X,6,6,X
"연천군","귀농가구원수 (명)",75,17,8,24,21,5,51,5,9,21,12,4,46,11,4,15,15,X,66,16,5,20,18,7,78,16,5,25,23,9,40,4,7,8,16,5
"연천군","귀농인수 (명)",51,9,6,16,17,X,44,X,8,18,12,X,35,6,4,12,12,X,53,8,5,19,14,7,64,8,5,24,20,7,32,X,5,8,11,5
"연천군","동반가구원수 (명)",24,8,X,8,4,X,7,X,X,X,0,X,11,5,0,X,X,0,13,8,0,X,4,0,14,8,0,X,X,X,8,X,X,0,5,0
"가평군","귀농가구원수 (명)",62,5,5,29,17,6,71,9,X,36,17,6,69,8,6,20,28,7,46,6,6,13,16,5,81,13,12,22,29,5,50,10,X,12,21,4
"가평군","귀농인수 (명)",49,X,5,25,12,6,52,X,X,30,14,X,52,X,5,16,23,5,38,4,4,12,13,5,63,6,8,18,26,5,39,5,X,12,17,X
"가평군","동반가구원수 (명)",13,4,0,4,5,0,19,6,X,6,X,X,17,5,X,4,5,X,8,X,X,X,X,0,18,7,4,4,X,0,11,5,X,0,4,X
"양평군","귀농가구원수 (명)",154,30,20,49,40,15,203,38,33,71,48,13,278,134,13,60,59,12,256,55,23,73,82,23,206,28,20,61,84,13,159,22,8,57,55,17
"양평군","귀농인수 (명)",101,7,15,38,31,10,146,11,26,59,40,10,130,20,9,49,44,8,173,13,20,59,61,20,154,13,15,51,66,9,120,7,7,49,45,12
"양평군","동반가구원수 (명)",53,23,5,11,9,5,57,27,7,12,8,X,148,114,4,11,15,4,83,42,X,14,21,X,52,15,5,10,18,4,39,15,X,8,10,5
"강원도","귀농가구원수 (명)",1536,311,197,556,384,88,1359,272,174,469,358,86,1324,249,154,430,400,91,1442,268,170,443,472,89,1254,191,131,380,464,88,951,131,71,294,375,80
"강원도","귀농인수 (명)",1055,96,155,448,297,59,948,88,135,380,294,51,947,78,122,349,331,67,1022,90,135,355,379,63,954,68,100,322,400,64,720,62,60,236,308,54
"강원도","동반가구원수 (명)",481,215,42,108,87,29,411,184,39,89,64,35,377,171,32,81,69,24,420,178,35,88,93,26,300,123,31,58,64,24,231,69,11,58,67,26
"춘천시","귀농가구원수 (명)",126,41,19,27,30,9,89,19,12,31,22,5,93,21,14,28,22,8,102,22,6,26,40,8,78,13,7,19,36,X,73,7,8,23,32,X
"춘천시","귀농인수 (명)",73,9,14,21,25,4,56,X,8,25,19,X,59,4,12,19,19,5,60,X,X,18,31,5,49,X,X,15,28,X,51,X,6,17,25,X
"춘천시","동반가구원수 (명)",53,32,5,6,5,5,33,16,4,6,X,4,34,17,X,9,X,X,42,19,X,8,9,X,29,11,5,4,8,X,22,6,X,6,7,X
"원주시","귀농가구원수 (명)",141,37,20,47,25,12,166,50,19,46,42,9,147,48,22,50,22,5,143,42,15,44,36,6,138,29,18,40,40,11,102,24,8,28,37,5
"원주시","귀농인수 (명)",91,11,13,38,20,9,95,11,12,35,34,X,79,9,13,36,18,X,84,10,11,29,29,5,90,6,10,33,34,7,67,8,5,24,25,5
"원주시","동반가구원수 (명)",50,26,7,9,5,X,71,39,7,11,8,6,68,39,9,14,4,X,59,32,4,15,7,X,48,23,8,7,6,4,35,16,X,4,12,0
"강릉시","귀농가구원수 (명)",129,34,15,43,32,5,100,24,21,33,18,4,84,19,12,27,21,5,94,19,17,23,24,11,88,23,9,22,29,5,60,11,X,23,20,4
"강릉시","귀농인수 (명)",75,8,12,28,23,4,57,6,12,26,12,X,59,5,11,23,16,4,64,9,11,18,21,5,63,10,7,18,25,X,44,8,X,18,15,X
"강릉시","동반가구원수 (명)",54,26,X,15,9,X,43,18,9,7,6,X,25,14,X,4,5,X,30,10,6,5,X,6,25,13,X,4,4,X,16,X,X,5,5,X
"삼척시","귀농가구원수 (명)",50,8,5,16,19,X,56,11,8,21,12,4,44,6,5,15,16,X,65,10,4,28,21,X,53,4,6,19,18,6,30,5,X,11,8,X
"삼척시","귀농인수 (명)",35,X,5,14,13,X,41,5,5,17,10,4,36,X,4,13,15,X,44,0,4,21,17,X,41,X,5,16,14,5,22,X,X,8,7,X
"삼척시","동반가구원수 (명)",15,6,0,X,6,X,15,6,X,4,X,0,8,4,X,X,X,0,21,10,0,7,4,0,12,X,X,X,4,X,8,X,0,X,X,X
"홍천군","귀농가구원수 (명)",192,34,19,85,44,10,163,31,17,58,48,9,171,32,14,61,53,11,229,28,31,63,91,16,155,9,11,57,60,18,130,15,7,38,56,14
"홍천군","귀농인수 (명)",131,9,15,72,32,X,120,11,15,47,41,6,131,13,12,54,44,8,163,7,25,50,73,8,130,8,10,50,50,12,102,6,7,32,47,10
"홍천군","동반가구원수 (명)",61,25,4,13,12,7,43,20,X,11,7,X,40,19,X,7,9,X,66,21,6,13,18,8,25,X,X,7,10,6,28,9,0,6,9,4
"횡성군","귀농가구원수 (명)",187,16,23,82,55,11,178,25,21,68,46,18,157,15,6,56,59,21,173,27,20,48,65,13,122,14,13,40,47,8,136,16,13,44,45,18
"횡성군","귀농인수 (명)",133,4,16,66,39,8,123,4,15,56,36,12,118,8,5,45,44,16,131,11,17,40,53,10,99,6,11,34,43,5,101,7,10,34,39,11
"횡성군","동반가구원수 (명)",54,12,7,16,16,X,55,21,6,12,10,6,39,7,X,11,15,5,42,16,X,8,12,X,23,8,X,6,4,X,35,9,X,10,6,7
"영월군","귀농가구원수 (명)",126,25,15,46,31,9,80,12,14,23,29,X,79,6,7,31,32,X,102,18,11,38,30,5,104,12,8,36,40,8,82,5,4,30,36,7
"영월군","귀농인수 (명)",90,8,11,39,23,9,61,5,14,18,23,X,63,X,6,27,27,X,78,8,9,32,24,5,77,X,5,32,33,5,66,4,4,25,29,4
"영월군","동반가구원수 (명)",36,17,4,7,8,0,19,7,0,5,6,X,16,5,X,4,5,X,24,10,X,6,6,0,27,10,X,4,7,X,16,X,0,5,7,X
"평창군","귀농가구원수 (명)",140,23,16,60,34,7,90,21,11,22,27,9,121,17,11,37,43,13,112,25,14,37,28,8,131,15,12,41,52,11,87,16,5,23,41,X
"평창군","귀농인수 (명)",103,9,15,45,29,5,61,7,11,16,22,5,95,8,10,32,34,11,85,10,12,34,22,7,103,7,8,34,44,10,66,10,4,17,33,X
"평창군","동반가구원수 (명)",37,14,X,15,5,X,29,14,0,6,5,4,26,9,X,5,9,X,27,15,X,X,6,X,28,8,4,7,8,X,21,6,X,6,8,0
"정선군","귀농가구원수 (명)",96,15,8,42,28,X,103,14,9,44,28,8,108,18,13,33,37,7,81,9,12,34,26,0,79,9,8,27,29,6,42,X,4,11,21,4
"정선군","귀농인수 (명)",74,6,8,36,22,X,82,8,8,39,23,4,71,5,9,23,31,X,65,4,10,27,24,0,64,4,7,23,25,5,37,X,4,10,18,4
"정선군","동반가구원수 (명)",22,9,0,6,6,X,21,6,X,5,5,4,37,13,4,10,6,4,16,5,X,7,X,0,15,5,X,4,4,X,5,X,0,X,X,0
"철원군","귀농가구원수 (명)",56,15,11,13,16,X,42,13,7,12,8,X,40,7,4,11,17,X,48,9,7,12,14,6,46,13,7,9,16,X,33,7,4,7,10,5
"철원군","귀농인수 (명)",42,8,9,10,14,X,32,8,5,11,6,X,29,X,4,9,14,X,33,4,6,11,8,4,38,6,7,8,16,X,22,X,4,5,7,X
"철원군","동반가구원수 (명)",14,7,X,X,X,0,10,5,X,X,X,0,11,6,0,X,X,0,15,5,X,X,6,X,8,7,0,X,0,0,11,4,0,X,X,X
"화천군","귀농가구원수 (명)",69,14,15,15,20,5,72,16,8,18,25,5,70,11,9,22,22,6,57,7,7,15,22,6,67,11,6,15,30,5,23,X,X,6,11,X
"화천군","귀농인수 (명)",53,4,12,14,18,5,48,X,7,12,22,4,53,X,7,18,21,5,41,4,5,13,15,4,48,X,6,13,25,X,22,X,X,6,11,X
"화천군","동반가구원수 (명)",16,10,X,X,X,0,24,13,X,6,X,X,17,9,X,4,X,X,16,X,X,X,7,X,19,10,0,X,5,X,X,0,0,0,0,X
"양구군","귀농가구원수 (명)",29,X,5,16,5,0,61,10,5,28,16,X,47,15,10,11,9,X,43,9,X,12,17,X,30,5,X,12,10,X,31,X,X,13,12,X
"양구군","귀농인수 (명)",24,0,5,14,5,0,50,6,4,23,15,X,34,7,6,11,8,X,32,X,X,9,16,X,21,X,X,9,9,X,26,X,X,10,10,X
"양구군","동반가구원수 (명)",5,X,0,X,0,0,11,4,X,5,X,0,13,8,4,0,X,0,11,6,X,X,X,0,9,4,X,X,X,0,5,0,0,X,X,0
"인제군","귀농가구원수 (명)",65,14,5,25,16,5,63,8,6,31,14,4,52,11,6,16,18,X,80,16,11,24,27,X,55,11,7,9,27,X,44,6,X,10,22,X
"인제군","귀농인수 (명)",48,7,5,21,12,X,52,4,6,25,14,X,38,4,5,13,15,X,57,4,10,18,23,X,44,X,6,8,26,X,36,X,X,8,20,X
"인제군","동반가구원수 (명)",17,7,0,4,4,X,11,4,0,6,0,X,14,7,X,X,X,0,23,12,X,6,4,0,11,8,X,X,X,0,8,X,0,X,X,X
"고성군","귀농가구원수 (명)",63,15,14,17,13,4,48,10,10,16,8,4,46,10,12,9,12,X,61,12,9,22,17,X,46,14,8,16,8,0,19,X,4,6,4,X
"고성군","귀농인수 (명)",38,X,10,14,9,X,36,4,8,16,6,X,41,8,12,9,10,X,48,6,8,20,13,X,37,7,7,15,8,0,17,X,X,6,4,X
"고성군","동반가구원수 (명)",25,13,4,X,4,X,12,6,X,0,X,X,5,X,0,0,X,X,13,6,X,X,4,0,9,7,X,X,0,0,X,X,X,0,0,0
"양양군","귀농가구원수 (명)",67,17,7,22,16,5,48,8,6,18,15,X,65,13,9,23,17,X,52,15,X,17,14,X,62,9,9,18,22,4,59,10,X,21,20,7
"양양군","귀농인수 (명)",45,9,5,16,13,X,34,X,5,14,11,X,41,X,6,17,15,X,37,7,X,15,10,X,50,4,8,14,20,4,41,X,X,16,18,X
"양양군","동반가구원수 (명)",22,8,X,6,X,X,14,5,X,4,4,0,24,12,X,6,X,X,15,8,X,X,4,0,12,5,X,4,X,0,18,7,0,5,X,4
"충청북도","귀농가구원수 (명)",1341,241,159,506,358,77,1210,247,137,446,321,59,1320,245,144,415,418,98,1457,220,139,495,500,103,1249,190,133,365,469,92,951,138,95,295,347,76
"충청북도","귀농인수 (명)",925,64,129,392,285,55,847,81,109,352,268,37,938,97,108,332,341,60,1086,87,109,403,411,76,962,78,111,310,399,64,730,57,78,243,292,60
"충청북도","동반가구원수 (명)",416,177,30,114,73,22,363,166,28,94,53,22,382,148,36,83,77,38,371,133,30,92,89,27,287,112,22,55,70,28,221,81,17,52,55,16
"청주시","귀농가구원수 (명)",164,38,19,64,32,11,160,58,18,39,39,6,149,35,21,45,36,12,150,36,19,48,36,11,139,33,28,34,38,6,156,46,17,51,32,10
"청주시","귀농인수 (명)",108,10,16,50,26,6,100,19,15,31,31,4,92,13,14,33,27,5,103,13,13,38,31,8,96,11,20,30,32,X,96,12,12,42,23,7
"청주시","동반가구원수 (명)",56,28,X,14,6,5,60,39,X,8,8,X,57,22,7,12,9,7,47,23,6,10,5,X,43,22,8,4,6,X,60,34,5,9,9,X
"충주시","귀농가구원수 (명)",195,61,25,67,31,11,139,28,25,47,32,7,139,42,10,45,35,7,122,19,11,40,40,12,131,15,13,35,57,11,83,17,9,19,32,6
"충주시","귀농인수 (명)",114,10,17,54,27,6,98,6,20,39,29,4,101,22,8,37,30,4,90,11,8,31,32,8,97,6,10,28,46,7,63,8,5,17,27,6
"충주시","동반가구원수 (명)",81,51,8,13,4,5,41,22,5,8,X,X,38,20,X,8,5,X,32,8,X,9,8,4,34,9,X,7,11,4,20,9,4,X,5,0
"제천시","귀농가구원수 (명)",87,11,11,32,26,7,90,10,8,45,24,X,70,10,8,17,29,6,143,19,5,53,59,7,76,5,5,22,42,X,84,9,6,25,39,5
"제천시","귀농인수 (명)",63,X,9,26,19,6,69,X,7,37,21,X,51,X,6,15,24,4,98,5,5,42,42,4,61,X,4,20,33,X,59,X,5,19,31,X
"제천시","동반가구원수 (명)",24,8,X,6,7,X,21,7,X,8,X,X,19,8,X,X,5,X,45,14,0,11,17,X,15,X,X,X,9,X,25,6,X,6,8,4
"보은군","귀농가구원수 (명)",125,20,18,54,33,0,121,25,11,43,35,7,101,20,8,30,37,6,138,11,9,54,52,12,113,19,9,37,39,9,76,5,5,24,33,9
"보은군","귀농인수 (명)",89,7,17,40,25,0,88,8,9,36,30,5,75,7,7,22,33,6,109,5,7,44,45,8,85,9,9,28,33,6,63,X,5,22,26,7
"보은군","동반가구원수 (명)",36,13,X,14,8,0,33,17,X,7,5,X,26,13,X,8,4,0,29,6,X,10,7,4,28,10,0,9,6,X,13,X,0,X,7,X
"옥천군","귀농가구원수 (명)",151,24,18,55,40,14,120,14,15,53,35,X,177,35,18,65,52,7,194,33,24,77,53,7,163,19,21,44,64,15,101,17,13,25,38,8
"옥천군","귀농인수 (명)",108,8,14,44,31,11,84,X,14,34,32,X,124,9,15,55,40,5,144,10,16,66,47,5,127,6,17,39,54,11,81,7,11,22,34,7
"옥천군","동반가구원수 (명)",43,16,4,11,9,X,36,13,X,19,X,0,53,26,X,10,12,X,50,23,8,11,6,X,36,13,4,5,10,4,20,10,X,X,4,X
"영동군","귀농가구원수 (명)",169,28,24,60,47,10,147,24,17,53,47,6,181,27,22,56,57,19,176,25,16,68,60,7,200,34,23,60,68,15,111,9,6,37,48,11
"영동군","귀농인수 (명)",115,8,18,44,36,9,99,4,14,39,39,X,136,11,20,43,50,12,143,17,15,55,50,6,152,12,21,50,59,10,92,6,5,31,42,8
"영동군","동반가구원수 (명)",54,20,6,16,11,X,48,20,X,14,8,X,45,16,X,13,7,7,33,8,X,13,10,X,48,22,X,10,9,5,19,X,X,6,6,X
"증평군","귀농가구원수 (명)",29,7,4,8,9,X,22,5,X,7,4,X,21,X,6,6,5,X,26,X,X,8,12,X,19,9,X,4,4,0,13,X,X,5,5,0
"증평군","귀농인수 (명)",18,X,X,5,7,X,14,X,X,6,X,X,15,X,4,5,4,X,20,X,X,5,10,X,13,X,X,4,4,0,9,X,X,X,5,0
"증평군","동반가구원수 (명)",11,5,X,X,X,0,8,X,X,X,X,X,6,X,X,X,X,X,6,0,0,X,X,X,6,6,0,0,0,0,4,X,0,X,0,0
"진천군","귀농가구원수 (명)",48,8,4,17,18,X,58,15,6,21,14,X,80,13,10,28,28,X,82,22,11,19,21,9,56,8,6,15,24,X,46,8,9,11,13,5
"진천군","귀농인수 (명)",38,4,4,14,16,0,46,9,4,20,12,X,58,5,7,24,21,X,56,5,9,17,17,8,48,5,5,15,20,X,40,6,8,11,11,4
"진천군","동반가구원수 (명)",10,4,0,X,X,X,12,6,X,X,X,X,22,8,X,4,7,0,26,17,X,X,4,X,8,X,X,0,4,0,6,X,X,0,X,X
"괴산군","귀농가구원수 (명)",149,19,10,66,46,8,201,46,28,72,45,10,192,37,23,54,60,18,204,30,17,57,84,16,170,24,11,52,66,17,117,12,12,33,54,6
"괴산군","귀농인수 (명)",107,5,9,51,37,5,131,17,18,56,34,6,130,17,15,39,52,7,160,12,16,50,70,12,140,15,11,43,59,12,94,8,9,23,48,6
"괴산군","동반가구원수 (명)",42,14,X,15,9,X,70,29,10,16,11,4,62,20,8,15,8,11,44,18,X,7,14,4,30,9,0,9,7,5,23,4,X,10,6,0
"음성군","귀농가구원수 (명)",124,16,21,35,42,10,79,15,4,32,21,7,129,19,11,34,51,14,139,19,16,41,50,13,112,15,13,37,36,11,72,5,10,27,21,9
"음성군","귀농인수 (명)",96,6,19,28,35,8,61,9,4,27,16,5,95,8,7,32,36,12,103,7,13,31,41,11,91,7,10,34,31,9,59,X,10,23,16,8
"음성군","동반가구원수 (명)",28,10,X,7,7,X,18,6,0,5,5,X,34,11,4,X,15,X,36,12,X,10,9,X,21,8,X,X,5,X,13,X,0,4,5,X
"단양군","귀농가구원수 (명)",100,9,5,48,34,4,73,7,X,34,25,5,81,5,7,35,28,6,83,4,10,30,33,6,70,9,X,25,31,X,92,8,7,38,32,7
"단양군","귀농인수 (명)",69,X,X,36,26,X,57,X,X,27,22,X,61,X,5,27,24,X,60,0,6,24,26,4,52,X,X,19,28,X,74,X,7,31,29,6
"단양군","동반가구원수 (명)",31,8,X,12,8,X,16,4,0,7,X,X,20,X,X,8,4,X,23,4,4,6,7,X,18,8,0,6,X,X,18,7,0,7,X,X
"충청남도","귀농가구원수 (명)",1921,423,254,610,502,132,1739,321,215,589,488,126,2052,397,236,633,648,138,2510,435,259,706,886,224,2139,329,243,574,772,221,1754,328,161,494,618,153
"충청남도","귀농인수 (명)",1328,156,198,478,403,93,1268,128,177,468,401,94,1502,162,195,504,527,114,1821,178,205,586,695,157,1595,125,195,477,627,171,1333,136,132,413,531,121
"충청남도","동반가구원수 (명)",593,267,56,132,99,39,471,193,38,121,87,32,550,235,41,129,121,24,689,257,54,120,191,67,544,204,48,97,145,50,421,192,29,81,87,32
"천안시","귀농가구원수 (명)",83,28,10,27,13,5,84,16,7,28,28,5,106,26,11,30,31,8,135,31,15,43,34,12,120,23,18,32,37,10,80,20,11,28,16,5
"천안시","귀농인수 (명)",61,14,9,24,11,X,61,7,5,21,24,4,72,11,9,25,22,5,98,13,13,38,26,8,92,13,16,25,30,8,58,10,10,21,14,X
"천안시","동반가구원수 (명)",22,14,X,X,X,X,23,9,X,7,4,X,34,15,X,5,9,X,37,18,X,5,8,4,28,10,X,7,7,X,22,10,X,7,X,X
"공주시","귀농가구원수 (명)",144,29,21,47,37,10,135,28,15,45,40,7,120,25,15,36,37,7,183,38,15,63,56,11,136,16,9,40,59,12,115,22,6,33,46,8
"공주시","귀농인수 (명)",104,10,17,40,31,6,96,12,10,40,31,X,91,12,13,29,30,7,143,20,12,59,44,8,116,12,8,36,50,10,87,11,5,26,39,6
"공주시","동반가구원수 (명)",40,19,4,7,6,4,39,16,5,5,9,4,29,13,X,7,7,0,40,18,X,4,12,X,20,4,X,4,9,X,28,11,X,7,7,X
"보령시","귀농가구원수 (명)",139,35,17,40,36,11,115,27,14,38,29,7,131,21,16,38,46,10,165,26,12,41,74,12,152,15,13,51,54,19,91,8,5,26,43,9
"보령시","귀농인수 (명)",94,12,14,31,27,10,80,8,12,32,23,5,96,7,14,31,36,8,120,9,11,32,60,8,111,X,11,41,44,13,79,4,5,23,39,8
"보령시","동반가구원수 (명)",45,23,X,9,9,X,35,19,X,6,6,X,35,14,X,7,10,X,45,17,X,9,14,4,41,13,X,10,10,6,12,4,0,X,4,X
"아산시","귀농가구원수 (명)",121,41,17,31,26,6,130,34,12,45,29,10,142,44,18,45,31,4,195,64,33,54,34,10,210,58,30,54,50,18,162,55,18,46,35,8
"아산시","귀농인수 (명)",81,13,16,24,22,6,87,9,8,38,23,9,86,12,15,32,24,X,116,21,25,40,22,8,124,12,20,38,40,14,101,14,13,35,32,7
"아산시","동반가구원수 (명)",40,28,X,7,4,0,43,25,4,7,6,X,56,32,X,13,7,X,79,43,8,14,12,X,86,46,10,16,10,4,61,41,5,11,X,X
"서산시","귀농가구원수 (명)",151,39,14,56,32,10,129,27,16,37,40,9,159,37,12,60,44,6,202,31,16,53,81,21,185,31,19,45,72,18,162,26,15,45,57,19
"서산시","귀농인수 (명)",96,14,9,43,22,8,96,14,13,29,33,7,115,14,10,50,36,5,144,11,10,44,64,15,127,7,14,38,56,12,121,9,12,40,45,15
"서산시","동반가구원수 (명)",55,25,5,13,10,X,33,13,X,8,7,X,44,23,X,10,8,X,58,20,6,9,17,6,58,24,5,7,16,6,41,17,X,5,12,4
"논산시","귀농가구원수 (명)",168,42,33,48,38,7,173,42,36,41,41,13,206,58,25,61,46,16,199,51,29,50,56,13,146,26,29,37,41,13,137,39,19,23,45,11
"논산시","귀농인수 (명)",112,11,28,34,33,6,123,19,32,31,33,8,144,30,19,46,36,13,147,26,22,44,43,12,119,16,24,33,36,10,103,22,16,21,37,7
"논산시","동반가구원수 (명)",56,31,5,14,5,X,50,23,4,10,8,5,62,28,6,15,10,X,52,25,7,6,13,X,27,10,5,4,5,X,34,17,X,X,8,4
"계룡시","귀농가구원수 (명)",17,6,X,5,X,0,12,4,X,X,0,X,24,13,5,4,X,X,33,11,10,6,5,X,21,5,0,8,8,0,38,18,5,9,4,X
"계룡시","귀농인수 (명)",8,0,X,4,X,0,6,X,X,X,0,X,12,5,X,4,X,0,20,5,7,4,X,X,12,0,0,7,5,0,14,X,X,6,X,0
"계룡시","동반가구원수 (명)",9,6,X,X,X,0,6,X,X,X,0,X,12,8,X,0,0,X,13,6,X,X,X,0,9,5,0,X,X,0,24,15,X,X,X,X
"당진시","귀농가구원수 (명)",120,18,12,41,38,11,108,22,18,35,25,8,161,29,9,56,53,14,214,29,17,60,83,25,176,27,27,46,58,18,137,18,11,45,50,13
"당진시","귀농인수 (명)",91,10,8,35,31,7,77,5,15,27,23,7,106,8,7,41,40,10,142,10,11,46,61,14,121,5,19,42,45,10,111,10,10,40,41,10
"당진시","동반가구원수 (명)",29,8,4,6,7,4,31,17,X,8,X,X,55,21,X,15,13,4,72,19,6,14,22,11,55,22,8,4,13,8,26,8,X,5,9,X
"금산군","귀농가구원수 (명)",138,28,24,45,36,5,102,15,8,46,26,7,173,24,24,49,62,14,146,23,18,35,54,16,137,14,10,43,61,9,137,25,11,36,54,11
"금산군","귀농인수 (명)",99,9,22,39,26,X,80,5,8,38,24,5,131,11,21,36,51,12,117,7,16,33,49,12,116,8,10,39,52,7,103,12,8,29,46,8
"금산군","동반가구원수 (명)",39,19,X,6,10,X,22,10,0,8,X,X,42,13,X,13,11,X,29,16,X,X,5,4,21,6,0,4,9,X,34,13,X,7,8,X
"부여군","귀농가구원수 (명)",184,48,28,56,40,12,160,27,17,47,57,12,182,35,19,56,61,11,198,27,19,54,84,14,189,32,26,42,69,20,131,20,10,29,56,16
"부여군","귀농인수 (명)",124,19,18,42,34,11,121,13,13,41,44,10,141,19,15,43,54,10,152,15,15,45,68,9,141,14,21,35,57,14,103,9,10,22,48,14
"부여군","동반가구원수 (명)",60,29,10,14,6,X,39,14,4,6,13,X,41,16,4,13,7,X,46,12,4,9,16,5,48,18,5,7,12,6,28,11,0,7,8,X
"서천군","귀농가구원수 (명)",81,18,12,26,19,6,80,12,5,34,27,X,94,12,16,25,33,8,124,20,16,24,50,14,127,15,9,27,49,27,103,14,7,25,44,13
"서천군","귀농인수 (명)",57,7,9,22,15,4,61,6,5,25,23,X,80,8,14,21,29,8,89,9,13,19,38,10,96,7,5,21,38,25,90,7,7,23,42,11
"서천군","동반가구원수 (명)",24,11,X,4,4,X,19,6,0,9,4,0,14,4,X,4,4,0,35,11,X,5,12,4,31,8,4,6,11,X,13,7,0,X,X,X
"청양군","귀농가구원수 (명)",183,23,32,66,49,13,140,15,10,65,35,15,129,17,21,38,46,7,150,18,6,66,52,8,123,13,11,33,54,12,77,11,13,17,29,7
"청양군","귀농인수 (명)",130,8,23,52,41,6,104,9,9,46,31,9,104,5,20,33,39,7,113,9,6,54,41,X,94,X,8,30,41,12,65,7,12,16,24,6
"청양군","동반가구원수 (명)",53,15,9,14,8,7,36,6,X,19,4,6,25,12,X,5,7,0,37,9,0,12,11,5,29,10,X,X,13,0,12,4,X,X,5,X
"홍성군","귀농가구원수 (명)",139,28,11,35,51,14,133,26,20,30,44,13,111,19,17,31,36,8,200,24,20,47,82,27,123,20,13,38,42,10,109,10,9,39,39,12
"홍성군","귀농인수 (명)",91,13,7,24,38,9,90,7,15,23,34,11,80,5,13,25,31,6,139,9,18,36,59,17,88,8,12,27,33,8,92,6,8,33,34,11
"홍성군","동반가구원수 (명)",48,15,4,11,13,5,43,19,5,7,10,X,31,14,4,6,5,X,61,15,X,11,23,10,35,12,X,11,9,X,17,4,X,6,5,X
"예산군","귀농가구원수 (명)",108,17,11,35,35,10,106,8,16,47,27,8,121,12,11,33,53,12,150,18,12,43,57,20,127,18,12,34,47,16,148,26,12,43,56,11
"예산군","귀농인수 (명)",82,8,9,28,29,8,87,6,16,33,26,6,104,9,10,28,46,11,115,6,10,37,46,16,103,11,11,29,38,14,107,4,7,36,52,8
"예산군","동반가구원수 (명)",26,9,X,7,6,X,19,X,0,14,X,X,17,X,X,5,7,X,35,12,X,6,11,4,24,7,X,5,9,X,41,22,5,7,4,X
"태안군","귀농가구원수 (명)",145,23,9,52,49,12,132,18,19,48,40,7,193,25,17,71,68,12,216,24,21,67,84,20,167,16,17,44,71,19,127,16,9,50,44,8
"태안군","귀농인수 (명)",98,8,7,36,41,6,99,7,15,42,29,6,140,6,13,60,52,9,166,8,16,55,71,16,135,7,16,36,62,14,99,8,7,42,35,7
"태안군","동반가구원수 (명)",47,15,X,16,8,6,33,11,4,6,11,X,53,19,4,11,16,X,50,16,5,12,13,4,32,9,X,8,9,5,28,8,X,8,9,X
"전라북도","귀농가구원수 (명)",2080,596,350,597,422,115,1853,419,317,558,443,116,1994,440,292,620,528,114,2013,411,267,595,578,162,1609,310,206,453,514,126,1381,232,178,404,447,120
"전라북도","귀농인수 (명)",1335,178,263,472,338,84,1327,160,260,439,375,93,1511,201,240,523,453,94,1524,186,219,503,490,126,1237,146,180,376,442,93,1099,111,154,345,393,96
"전라북도","동반가구원수 (명)",745,418,87,125,84,31,526,259,57,119,68,23,483,239,52,97,75,20,489,225,48,92,88,36,372,164,26,77,72,33,282,121,24,59,54,24
"군산시","귀농가구원수 (명)",64,18,11,19,12,4,68,14,12,25,15,X,67,16,13,13,24,X,91,24,17,16,26,8,85,24,13,21,26,X,57,13,9,16,15,4
"군산시","귀농인수 (명)",44,6,8,16,11,X,53,6,11,19,15,X,47,6,11,10,20,0,65,9,14,14,21,7,59,12,11,18,18,0,36,X,8,13,11,X
"군산시","동반가구원수 (명)",20,12,X,X,X,X,15,8,X,6,0,0,20,10,X,X,4,X,26,15,X,X,5,X,26,12,X,X,8,X,21,11,X,X,4,X
"익산시","귀농가구원수 (명)",146,45,30,35,24,12,159,42,30,42,38,7,183,43,33,56,40,11,159,35,16,58,41,9,129,28,17,27,46,11,97,16,11,31,28,11
"익산시","귀농인수 (명)",93,13,23,26,21,10,105,12,24,33,29,7,134,16,24,50,36,8,128,20,14,48,39,7,94,12,14,22,40,6,78,9,11,26,26,6
"익산시","동반가구원수 (명)",53,32,7,9,X,X,54,30,6,9,9,0,49,27,9,6,4,X,31,15,X,10,X,X,35,16,X,5,6,5,19,7,0,5,X,5
"정읍시","귀농가구원수 (명)",202,63,38,54,35,12,196,40,32,64,45,15,199,43,29,66,46,15,185,44,26,49,52,14,146,29,17,36,50,14,116,19,10,32,40,15
"정읍시","귀농인수 (명)",133,21,28,46,31,7,146,19,27,52,36,12,155,20,26,58,39,12,147,29,21,40,46,11,112,12,14,33,41,12,101,12,10,29,36,14
"정읍시","동반가구원수 (명)",69,42,10,8,4,5,50,21,5,12,9,X,44,23,X,8,7,X,38,15,5,9,6,X,34,17,X,X,9,X,15,7,0,X,4,X
"남원시","귀농가구원수 (명)",196,61,38,53,32,12,187,44,38,54,41,10,194,48,23,53,52,18,179,38,25,51,51,14,169,29,25,45,55,15,110,21,18,27,35,9
"남원시","귀농인수 (명)",117,15,28,43,24,7,130,18,32,41,32,7,151,25,17,46,45,18,137,16,22,49,39,11,132,11,21,36,51,13,85,9,14,25,31,6
"남원시","동반가구원수 (명)",79,46,10,10,8,5,57,26,6,13,9,X,43,23,6,7,7,0,42,22,X,X,12,X,37,18,4,9,4,X,25,12,4,X,4,X
"김제시","귀농가구원수 (명)",158,48,28,47,29,6,141,37,31,38,24,11,195,55,31,49,54,6,186,44,21,55,48,18,165,39,22,52,36,16,155,35,19,48,45,8
"김제시","귀농인수 (명)",114,24,23,38,24,5,104,14,28,32,20,10,143,28,26,41,45,X,134,22,18,43,38,13,126,20,20,42,31,13,119,19,14,39,41,6
"김제시","동반가구원수 (명)",44,24,5,9,5,X,37,23,X,6,4,X,52,27,5,8,9,X,52,22,X,12,10,5,39,19,X,10,5,X,36,16,5,9,4,X
"완주군","귀농가구원수 (명)",217,78,42,54,38,5,161,44,31,47,30,9,192,46,38,59,40,9,202,39,36,62,53,12,161,34,21,49,46,11,156,29,17,53,44,13
"완주군","귀농인수 (명)",118,15,30,40,29,4,109,17,23,36,26,7,133,19,32,44,33,5,145,14,29,50,44,8,126,16,19,44,39,8,115,11,13,43,38,10
"완주군","동반가구원수 (명)",99,63,12,14,9,X,52,27,8,11,4,X,59,27,6,15,7,4,57,25,7,12,9,4,35,18,X,5,7,X,41,18,4,10,6,X
"진안군","귀농가구원수 (명)",135,20,19,44,45,7,108,22,22,31,30,X,116,26,6,51,28,5,134,16,13,49,47,9,88,6,8,27,32,15,81,11,7,25,28,10
"진안군","귀농인수 (명)",100,6,16,35,37,6,84,9,16,29,28,X,91,11,4,45,26,5,107,8,10,42,40,7,71,5,8,22,27,9,69,6,7,22,25,9
"진안군","동반가구원수 (명)",35,14,X,9,8,X,24,13,6,X,X,X,25,15,X,6,X,0,27,8,X,7,7,X,17,X,0,5,5,6,12,5,0,X,X,X
"무주군","귀농가구원수 (명)",110,24,10,47,23,6,80,7,11,29,29,4,114,17,15,41,36,5,130,25,18,41,38,8,77,14,11,22,29,X,64,7,5,13,33,6
"무주군","귀농인수 (명)",73,8,4,40,16,5,63,4,10,22,24,X,85,6,13,31,30,5,93,5,14,34,34,6,65,8,8,20,28,X,56,X,5,13,29,6
"무주군","동반가구원수 (명)",37,16,6,7,7,X,17,X,X,7,5,X,29,11,X,10,6,0,37,20,4,7,4,X,12,6,X,X,X,0,8,4,0,0,4,0
"장수군","귀농가구원수 (명)",85,15,9,28,26,7,93,20,13,31,24,5,86,15,14,25,28,4,89,15,9,24,32,9,50,9,4,20,15,X,61,4,10,13,29,5
"장수군","귀농인수 (명)",67,7,7,23,24,6,71,9,9,27,22,4,68,4,12,22,26,4,75,7,7,24,30,7,45,8,4,17,14,X,49,X,6,13,25,4
"장수군","동반가구원수 (명)",18,8,X,5,X,X,22,11,4,4,X,X,18,11,X,X,X,0,14,8,X,0,X,X,5,X,0,X,X,0,12,X,4,0,4,X
"임실군","귀농가구원수 (명)",107,20,12,35,28,12,122,20,14,43,35,10,188,31,12,64,68,13,126,14,14,32,54,12,118,10,8,35,53,12,94,7,13,30,37,7
"임실군","귀농인수 (명)",78,8,11,29,20,10,95,10,13,33,31,8,161,21,11,59,59,11,105,7,12,28,48,10,96,4,7,28,46,11,83,5,12,26,34,6
"임실군","동반가구원수 (명)",29,12,X,6,8,X,27,10,X,10,4,X,27,10,X,5,9,X,21,7,X,4,6,X,22,6,X,7,7,X,11,X,X,4,X,X
"순창군","귀농가구원수 (명)",184,62,22,49,41,10,134,28,13,46,34,13,118,20,18,43,26,11,159,37,18,42,45,17,112,28,16,30,33,5,118,19,18,39,38,4
"순창군","귀농인수 (명)",102,16,14,34,31,7,92,12,9,33,27,11,86,6,15,34,22,9,112,15,13,35,36,13,81,11,15,23,29,X,91,7,15,33,33,X
"순창군","동반가구원수 (명)",82,46,8,15,10,X,42,16,4,13,7,X,32,14,X,9,4,X,47,22,5,7,9,4,31,17,X,7,4,X,27,12,X,6,5,X
"고창군","귀농가구원수 (명)",318,103,69,84,50,12,248,63,47,62,62,14,171,28,32,55,49,7,236,46,35,70,62,23,189,37,29,53,56,14,155,26,27,47,36,19
"고창군","귀농인수 (명)",189,29,50,63,39,8,162,18,36,45,53,10,135,15,26,48,40,6,169,16,27,58,50,18,138,17,26,41,45,9,129,12,27,41,32,17
"고창군","동반가구원수 (명)",129,74,19,21,11,4,86,45,11,17,9,4,36,13,6,7,9,X,67,30,8,12,12,5,51,20,X,12,11,5,26,14,0,6,4,X
"부안군","귀농가구원수 (명)",158,39,22,48,39,10,156,38,23,46,36,13,171,52,28,45,37,9,137,34,19,46,29,9,120,23,15,36,37,9,117,25,14,30,39,9
"부안군","귀농인수 (명)",107,10,21,39,31,6,113,12,22,37,32,10,122,24,23,35,32,8,107,18,18,38,25,8,92,10,13,30,33,6,88,15,12,22,32,7
"부안군","동반가구원수 (명)",51,29,X,9,8,4,43,26,X,9,4,X,49,28,5,10,5,X,30,16,X,8,4,X,28,13,X,6,4,X,29,10,X,8,7,X
"전라남도","귀농가구원수 (명)",2963,746,489,899,668,161,2784,638,390,867,695,194,3108,648,454,938,830,238,3453,689,437,1047,1014,266,2523,415,334,741,847,186,2240,396,264,695,722,163
"전라남도","귀농인수 (명)",2039,252,390,738,547,112,2020,244,327,709,589,151,2358,268,382,809,706,193,2579,273,362,871,858,215,1987,201,286,618,731,151,1803,212,236,590,627,138
"전라남도","동반가구원수 (명)",924,494,99,161,121,49,764,394,63,158,106,43,750,380,72,129,124,45,874,416,75,176,156,51,536,214,48,123,116,35,437,184,28,105,95,25
"여수시","귀농가구원수 (명)",90,23,13,34,13,7,69,14,13,24,13,5,82,17,6,30,24,5,107,35,17,30,19,6,96,22,9,33,25,7,59,13,10,19,16,X
"여수시","귀농인수 (명)",55,6,8,28,10,X,46,4,12,19,9,X,58,5,6,21,21,5,62,6,12,23,15,6,61,6,7,25,19,4,43,X,10,17,13,X
"여수시","동반가구원수 (명)",35,17,5,6,X,4,23,10,X,5,4,X,24,12,0,9,X,0,45,29,5,7,4,0,35,16,X,8,6,X,16,11,0,X,X,0
"순천시","귀농가구원수 (명)",132,42,32,34,22,X,144,43,19,40,34,8,190,50,19,59,52,10,212,53,29,63,50,17,150,30,24,39,48,9,126,26,9,41,39,11
"순천시","귀농인수 (명)",80,11,25,26,18,0,89,11,15,28,30,5,128,13,13,47,45,10,131,11,20,49,39,12,107,8,18,32,41,8,95,13,7,29,37,9
"순천시","동반가구원수 (명)",52,31,7,8,4,X,55,32,4,12,4,X,62,37,6,12,7,0,81,42,9,14,11,5,43,22,6,7,7,X,31,13,X,12,X,X
"나주시","귀농가구원수 (명)",245,60,39,75,55,16,219,52,34,70,47,16,202,45,24,61,59,13,196,33,31,57,58,17,169,26,24,50,51,18,173,46,13,56,49,9
"나주시","귀농인수 (명)",175,20,31,60,50,14,166,21,30,61,42,12,160,21,21,56,53,9,158,19,27,47,52,13,143,16,22,44,45,16,126,21,12,43,42,8
"나주시","동반가구원수 (명)",70,40,8,15,5,X,53,31,4,9,5,4,42,24,X,5,6,4,38,14,4,10,6,4,26,10,X,6,6,X,47,25,X,13,7,X
"광양시","귀농가구원수 (명)",52,14,12,16,8,X,57,14,12,12,17,X,66,11,7,28,17,X,115,23,13,41,27,11,53,5,8,20,15,5,58,13,8,20,14,X
"광양시","귀농인수 (명)",35,4,9,15,6,X,44,4,11,10,17,X,49,X,5,25,15,X,71,4,10,26,21,10,45,X,7,19,13,5,43,4,8,17,11,X
"광양시","동반가구원수 (명)",17,10,X,X,X,X,13,10,X,X,0,0,17,10,X,X,X,0,44,19,X,15,6,X,8,4,X,X,X,0,15,9,0,X,X,0
"담양군","귀농가구원수 (명)",173,53,30,42,39,9,158,45,25,41,42,5,178,35,27,50,57,9,194,52,34,53,45,10,113,23,17,32,32,9,154,44,17,48,33,12
"담양군","귀농인수 (명)",114,16,22,39,31,6,118,21,21,35,38,X,135,11,23,46,49,6,139,21,29,42,39,8,94,19,15,27,26,7,119,26,16,42,27,8
"담양군","동반가구원수 (명)",59,37,8,X,8,X,40,24,4,6,4,X,43,24,4,4,8,X,55,31,5,11,6,X,19,4,X,5,6,X,35,18,X,6,6,4
"곡성군","귀농가구원수 (명)",125,29,22,37,32,5,111,27,12,31,30,11,112,20,12,41,27,12,160,29,16,56,42,17,135,18,13,38,56,10,124,25,12,41,35,11
"곡성군","귀농인수 (명)",91,13,16,32,28,X,84,14,8,28,24,10,89,8,12,37,21,11,125,12,15,44,40,14,112,8,11,35,51,7,108,13,11,39,35,10
"곡성군","동반가구원수 (명)",34,16,6,5,4,X,27,13,4,X,6,X,23,12,0,4,6,X,35,17,X,12,X,X,23,10,X,X,5,X,16,12,X,X,0,X
"구례군","귀농가구원수 (명)",69,12,6,27,19,5,74,16,5,28,23,X,74,14,11,24,20,5,84,15,7,28,28,6,75,8,4,26,34,X,56,10,4,18,22,X
"구례군","귀농인수 (명)",45,X,4,22,16,X,53,6,5,23,18,X,56,5,9,21,18,X,64,4,6,23,26,5,62,X,X,22,31,X,47,6,X,17,20,X
"구례군","동반가구원수 (명)",24,10,X,5,X,4,21,10,0,5,5,X,18,9,X,X,X,X,20,11,X,5,X,X,13,5,X,4,X,0,9,4,X,X,X,0
"고흥군","귀농가구원수 (명)",225,39,31,76,56,23,240,48,35,78,66,13,249,44,33,75,73,24,283,41,32,86,98,26,237,38,17,74,95,13,164,20,16,49,62,17
"고흥군","귀농인수 (명)",168,17,26,61,47,17,176,21,28,60,55,12,180,15,27,56,62,20,224,22,23,74,84,21,181,17,16,58,78,12,132,10,13,43,53,13
"고흥군","동반가구원수 (명)",57,22,5,15,9,6,64,27,7,18,11,X,69,29,6,19,11,4,59,19,9,12,14,5,56,21,X,16,17,X,32,10,X,6,9,4
"보성군","귀농가구원수 (명)",179,48,27,67,29,8,142,27,23,50,34,8,164,31,21,49,52,11,197,30,23,60,66,18,106,16,14,41,27,8,100,12,9,28,47,4
"보성군","귀농인수 (명)",121,17,22,55,22,5,103,11,18,38,31,5,132,17,17,47,42,9,165,16,20,52,61,16,81,5,12,34,24,6,92,10,9,26,43,4
"보성군","동반가구원수 (명)",58,31,5,12,7,X,39,16,5,12,X,X,32,14,4,X,10,X,32,14,X,8,5,X,25,11,X,7,X,X,8,X,0,X,4,0
"화순군","귀농가구원수 (명)",114,24,20,34,31,5,147,30,19,44,38,16,202,27,32,63,55,25,191,31,20,70,53,17,137,21,13,37,53,13,93,8,8,33,36,8
"화순군","귀농인수 (명)",88,10,19,27,28,4,110,8,17,40,32,13,172,17,27,59,47,22,149,15,17,55,46,16,112,13,12,31,46,10,78,5,7,28,30,8
"화순군","동반가구원수 (명)",26,14,X,7,X,X,37,22,X,4,6,X,30,10,5,4,8,X,42,16,X,15,7,X,25,8,X,6,7,X,15,X,X,5,6,0
"장흥군","귀농가구원수 (명)",114,33,23,29,22,7,119,35,13,32,30,9,125,20,21,39,36,9,114,15,17,36,37,9,82,14,12,22,23,11,82,6,5,28,39,4
"장흥군","귀농인수 (명)",78,12,19,25,19,X,80,9,12,25,26,8,103,13,16,36,30,8,90,9,14,30,30,7,71,13,10,19,20,9,66,4,5,20,33,4
"장흥군","동반가구원수 (명)",36,21,4,4,X,4,39,26,X,7,4,X,22,7,5,X,6,X,24,6,X,6,7,X,11,X,X,X,X,X,16,X,0,8,6,0
"강진군","귀농가구원수 (명)",155,46,23,40,41,5,136,30,8,40,45,13,137,20,23,41,39,14,133,24,20,37,46,6,80,9,17,22,29,X,93,9,12,30,35,7
"강진군","귀농인수 (명)",98,14,19,29,31,5,96,10,6,31,40,9,107,5,21,33,37,11,98,6,17,32,39,4,65,4,16,17,25,X,77,5,11,25,29,7
"강진군","동반가구원수 (명)",57,32,4,11,10,0,40,20,X,9,5,4,30,15,X,8,X,X,35,18,X,5,7,X,15,5,X,5,4,0,16,4,X,5,6,0
"해남군","귀농가구원수 (명)",189,35,29,60,49,16,167,42,30,49,34,12,186,50,30,47,43,16,187,39,24,52,64,8,200,35,33,57,64,11,151,34,25,41,41,10
"해남군","귀농인수 (명)",130,13,23,49,34,11,132,26,25,40,30,11,140,26,26,39,35,14,149,19,22,49,51,8,158,19,28,50,54,7,118,15,21,35,37,10
"해남군","동반가구원수 (명)",59,22,6,11,15,5,35,16,5,9,4,X,46,24,4,8,8,X,38,20,X,X,13,0,42,16,5,7,10,4,33,19,4,6,4,0
"영암군","귀농가구원수 (명)",163,47,32,40,36,8,166,42,22,62,28,12,170,40,32,45,41,12,171,41,17,45,50,18,155,29,18,42,54,12,114,21,21,27,34,11
"영암군","귀농인수 (명)",109,15,26,33,28,7,119,16,20,50,23,10,133,21,28,41,36,7,137,26,15,41,43,12,116,13,14,35,44,10,98,16,20,22,30,10
"영암군","동반가구원수 (명)",54,32,6,7,8,X,47,26,X,12,5,X,37,19,4,4,5,5,34,15,X,4,7,6,39,16,4,7,10,X,16,5,X,5,4,X
"무안군","귀농가구원수 (명)",166,56,22,50,31,7,135,37,22,34,31,11,244,93,40,55,42,14,269,85,43,67,63,11,139,35,27,26,37,14,118,27,14,30,37,10
"무안군","귀농인수 (명)",119,23,17,47,26,6,93,13,19,29,23,9,154,32,31,46,36,9,173,23,34,55,50,11,97,14,22,19,32,10,98,18,14,28,30,8
"무안군","동반가구원수 (명)",47,33,5,X,5,X,42,24,X,5,8,X,90,61,9,9,6,5,96,62,9,12,13,0,42,21,5,7,5,4,20,9,0,X,7,X
"함평군","귀농가구원수 (명)",168,38,27,56,43,4,147,18,13,53,45,18,144,16,26,39,49,14,183,30,14,54,65,20,107,13,12,36,40,6,116,12,15,34,43,12
"함평군","귀농인수 (명)",120,10,25,47,36,X,121,11,10,47,39,14,120,9,22,34,44,11,148,16,13,48,56,15,93,6,12,31,38,6,97,7,11,29,39,11
"함평군","동반가구원수 (명)",48,28,X,9,7,X,26,7,X,6,6,4,24,7,4,5,5,X,35,14,X,6,9,5,14,7,0,5,X,0,19,5,4,5,4,X
"영광군","귀농가구원수 (명)",102,27,14,25,28,8,131,31,23,43,31,X,135,31,18,33,40,13,115,24,17,30,37,7,86,11,16,28,28,X,102,24,14,32,26,6
"영광군","귀농인수 (명)",66,8,11,19,22,6,91,11,18,34,25,X,98,12,17,29,30,10,89,11,16,26,30,6,68,5,13,23,24,X,80,13,12,27,23,5
"영광군","동반가구원수 (명)",36,19,X,6,6,X,40,20,5,9,6,0,37,19,X,4,10,X,26,13,X,4,7,X,18,6,X,5,4,0,22,11,X,5,X,X
"장성군","귀농가구원수 (명)",180,37,38,57,38,10,149,29,22,54,32,12,150,24,25,65,33,X,170,32,21,52,51,14,145,24,24,45,43,9,112,11,16,41,37,7
"장성군","귀농인수 (명)",128,9,31,49,32,7,107,6,17,47,29,8,125,15,20,58,29,X,132,13,19,45,43,12,119,16,22,37,36,8,90,6,15,35,29,5
"장성군","동반가구원수 (명)",52,28,7,8,6,X,42,23,5,7,X,4,25,9,5,7,4,0,38,19,X,7,8,X,26,8,X,8,7,X,22,5,X,6,8,X
"완도군","귀농가구원수 (명)",79,20,12,23,21,X,68,17,9,18,19,5,72,13,10,18,23,8,89,13,13,32,24,7,60,9,7,17,24,X,51,7,6,12,21,5
"완도군","귀농인수 (명)",51,8,7,17,17,X,49,6,8,14,16,5,53,X,9,17,18,6,66,5,9,28,19,5,49,4,6,14,23,X,45,5,6,12,20,X
"완도군","동반가구원수 (명)",28,12,5,6,4,X,19,11,X,4,X,0,19,10,X,X,5,X,23,8,4,4,5,X,11,5,X,X,X,X,6,X,0,0,X,X
"진도군","귀농가구원수 (명)",110,37,16,31,26,0,67,13,10,22,16,6,98,22,15,36,20,5,108,22,14,29,39,4,79,16,10,20,24,9,58,6,10,17,18,7
"진도군","귀농인수 (명)",72,13,12,26,21,0,48,6,10,15,13,4,72,10,14,27,17,4,72,4,11,25,30,X,54,X,7,16,21,7,46,X,9,13,16,5
"진도군","동반가구원수 (명)",38,24,4,5,5,0,19,7,0,7,X,X,26,12,X,9,X,X,36,18,X,4,9,X,25,13,X,4,X,X,12,X,X,4,X,X
"신안군","귀농가구원수 (명)",133,26,21,46,29,11,138,28,21,42,40,7,128,25,22,40,28,13,175,22,15,69,52,17,119,13,15,36,45,10,136,22,20,50,38,6
"신안군","귀농인수 (명)",96,11,18,32,25,10,95,9,17,35,29,5,94,9,18,34,21,12,137,11,13,57,44,12,99,8,13,30,40,8,105,10,17,43,30,5
"신안군","동반가구원수 (명)",37,15,X,14,4,X,43,19,4,7,11,X,34,16,4,6,7,X,38,11,X,12,8,5,20,5,X,6,5,X,31,12,X,7,8,X
"경상북도","귀농가구원수 (명)",3205,693,454,1088,764,206,3036,595,398,1084,777,182,3135,567,380,1043,901,244,3654,659,420,1124,1237,214,3317,518,331,997,1199,272,2451,392,263,711,875,210
"경상북도","귀농인수 (명)",2196,242,345,833,637,139,2156,205,317,858,646,130,2252,187,292,839,751,183,2726,269,346,886,1060,165,2579,243,277,814,1025,220,1950,203,231,589,753,174
"경상북도","동반가구원수 (명)",1009,451,109,255,127,67,880,390,81,226,131,52,883,380,88,204,150,61,928,390,74,238,177,49,738,275,54,183,174,52,501,189,32,122,122,36
"포항시","귀농가구원수 (명)",134,40,15,46,24,9,140,46,28,33,26,7,126,25,19,34,34,14,171,38,24,46,54,9,157,28,17,55,45,12,130,35,10,38,36,11
"포항시","귀농인수 (명)",86,10,12,34,23,7,90,12,23,27,24,4,87,6,11,28,30,12,110,7,15,36,46,6,104,7,15,41,34,7,94,15,9,30,30,10
"포항시","동반가구원수 (명)",48,30,X,12,X,X,50,34,5,6,X,X,39,19,8,6,4,X,61,31,9,10,8,X,53,21,X,14,11,5,36,20,X,8,6,X
"경주시","귀농가구원수 (명)",189,55,24,53,43,14,191,62,18,55,41,15,152,31,21,50,40,10,178,36,14,70,51,7,143,17,9,40,70,7,121,18,15,30,43,15
"경주시","귀농인수 (명)",121,15,19,39,37,11,115,13,15,40,37,10,101,7,14,38,34,8,126,13,11,48,48,6,118,11,8,35,57,7,94,9,9,26,37,13
"경주시","동반가구원수 (명)",68,40,5,14,6,X,76,49,X,15,4,5,51,24,7,12,6,X,52,23,X,22,X,X,25,6,X,5,13,0,27,9,6,4,6,X
"김천시","귀농가구원수 (명)",178,33,31,74,31,9,219,42,37,78,50,12,238,46,44,73,62,13,263,70,35,73,74,11,266,46,33,85,83,19,173,29,23,45,54,22
"김천시","귀농인수 (명)",126,13,22,59,27,5,139,10,26,56,38,9,157,9,28,59,51,10,173,20,28,56,60,9,193,22,28,61,70,12,130,11,20,36,46,17
"김천시","동반가구원수 (명)",52,20,9,15,4,4,80,32,11,22,12,X,81,37,16,14,11,X,90,50,7,17,14,X,73,24,5,24,13,7,43,18,X,9,8,5
"안동시","귀농가구원수 (명)",164,36,29,47,44,8,171,33,20,61,54,X,220,48,19,64,61,28,214,33,16,72,79,14,189,30,14,50,78,17,128,19,16,30,53,10
"안동시","귀농인수 (명)",119,15,22,37,39,6,130,12,16,51,48,X,146,16,12,47,53,18,166,15,13,59,67,12,149,11,13,44,66,15,108,13,12,28,47,8
"안동시","동반가구원수 (명)",45,21,7,10,5,X,41,21,4,10,6,0,74,32,7,17,8,10,48,18,X,13,12,X,40,19,X,6,12,X,20,6,4,X,6,X
"구미시","귀농가구원수 (명)",125,54,18,28,20,5,128,42,19,35,29,X,92,21,12,31,22,6,131,42,20,27,39,X,125,38,18,35,27,7,72,13,5,28,19,7
"구미시","귀농인수 (명)",77,21,13,20,19,4,87,18,15,27,25,X,66,9,10,26,17,4,89,17,13,24,33,X,85,18,11,27,24,5,57,9,5,22,18,X
"구미시","동반가구원수 (명)",48,33,5,8,X,X,41,24,4,8,4,X,26,12,X,5,5,X,42,25,7,X,6,X,40,20,7,8,X,X,15,4,0,6,X,4
"영주시","귀농가구원수 (명)",127,27,16,46,30,8,104,16,11,36,31,10,120,28,13,43,29,7,145,30,17,43,46,9,148,24,16,53,50,5,68,13,X,18,24,10
"영주시","귀농인수 (명)",76,8,12,29,25,X,81,6,10,30,27,8,80,9,11,30,24,6,104,14,13,33,37,7,107,10,11,40,41,5,52,6,X,15,20,8
"영주시","동반가구원수 (명)",51,19,4,17,5,6,23,10,X,6,4,X,40,19,X,13,5,X,41,16,4,10,9,X,41,14,5,13,9,0,16,7,0,X,4,X
"영천시","귀농가구원수 (명)",215,32,30,84,55,14,213,43,29,72,52,17,189,26,24,73,51,15,224,27,32,72,80,13,221,31,28,58,83,21,188,31,25,54,66,12
"영천시","귀농인수 (명)",160,14,29,62,48,7,156,15,26,54,45,16,149,14,22,60,42,11,182,13,29,61,68,11,180,15,26,53,69,17,159,21,23,43,60,12
"영천시","동반가구원수 (명)",55,18,X,22,7,7,57,28,X,18,7,X,40,12,X,13,9,4,42,14,X,11,12,X,41,16,X,5,14,4,29,10,X,11,6,0
"상주시","귀농가구원수 (명)",223,48,30,84,47,14,232,34,31,86,63,18,268,49,39,90,60,30,282,48,36,93,93,12,280,56,27,74,95,28,205,39,25,53,71,17
"상주시","귀농인수 (명)",168,26,27,67,38,10,171,18,24,68,48,13,185,15,33,66,52,19,212,24,27,74,79,8,212,27,24,63,76,22,167,21,24,47,60,15
"상주시","동반가구원수 (명)",55,22,X,17,9,4,61,16,7,18,15,5,83,34,6,24,8,11,70,24,9,19,14,4,68,29,X,11,19,6,38,18,X,6,11,X
"문경시","귀농가구원수 (명)",133,26,17,45,39,6,125,23,13,62,22,5,152,23,22,51,49,7,218,34,29,74,67,14,182,20,14,57,77,14,133,15,10,42,59,7
"문경시","귀농인수 (명)",88,7,15,32,31,X,82,5,11,44,20,X,116,10,19,42,40,5,161,8,27,56,57,13,137,6,11,44,64,12,104,11,8,31,48,6
"문경시","동반가구원수 (명)",45,19,X,13,8,X,43,18,X,18,X,X,36,13,X,9,9,X,57,26,X,18,10,X,45,14,X,13,13,X,29,4,X,11,11,X
"경산시","귀농가구원수 (명)",116,41,15,42,12,6,78,16,11,26,21,4,97,16,16,30,23,12,119,37,14,38,25,5,120,29,18,33,32,8,69,15,12,16,22,4
"경산시","귀농인수 (명)",74,15,11,34,9,5,60,8,9,21,19,X,71,5,15,25,17,9,89,20,13,31,22,X,87,16,13,29,25,4,51,5,9,14,20,X
"경산시","동반가구원수 (명)",42,26,4,8,X,X,18,8,X,5,X,X,26,11,X,5,6,X,30,17,X,7,X,X,33,13,5,4,7,4,18,10,X,X,X,X
"군위군","귀농가구원수 (명)",154,27,19,51,45,12,92,6,7,51,24,4,104,16,8,36,36,8,136,19,12,41,54,10,145,15,8,49,65,8,-,-,-,-,-,-
"군위군","귀농인수 (명)",106,7,12,43,37,7,75,X,6,46,20,X,84,5,7,32,34,6,110,10,11,33,49,7,121,9,8,38,59,7,-,-,-,-,-,-
"군위군","동반가구원수 (명)",48,20,7,8,8,5,17,5,X,5,4,X,20,11,X,4,X,X,26,9,X,8,5,X,24,6,0,11,6,X,-,-,-,-,-,-
"의성군","귀농가구원수 (명)",266,55,35,82,73,21,260,52,24,96,75,13,277,39,19,98,100,21,292,40,23,101,111,17,259,27,25,84,97,26,262,31,22,79,115,15
"의성군","귀농인수 (명)",172,17,22,62,56,15,173,19,15,73,58,8,213,17,15,83,81,17,229,21,21,76,97,14,213,15,23,67,87,21,202,11,21,63,96,11
"의성군","동반가구원수 (명)",94,38,13,20,17,6,87,33,9,23,17,5,64,22,4,15,19,4,63,19,X,25,14,X,46,12,X,17,10,5,60,20,X,16,19,4
"청송군","귀농가구원수 (명)",137,20,25,54,31,7,139,17,21,60,34,7,143,27,14,49,43,10,152,24,15,49,55,9,120,9,11,38,47,15,102,15,11,32,35,9
"청송군","귀농인수 (명)",103,7,22,41,27,6,110,8,18,49,31,4,107,11,10,40,37,9,113,12,11,40,44,6,102,6,11,32,42,11,82,10,10,27,28,7
"청송군","동반가구원수 (명)",34,13,X,13,4,X,29,9,X,11,X,X,36,16,4,9,6,X,39,12,4,9,11,X,18,X,0,6,5,4,20,5,X,5,7,X
"영양군","귀농가구원수 (명)",73,11,9,26,23,4,56,6,7,25,13,5,83,12,11,30,27,X,95,11,13,28,37,6,65,11,8,17,23,6,50,X,9,23,17,0
"영양군","귀농인수 (명)",57,7,6,21,20,X,42,X,6,20,10,X,57,X,8,24,21,X,75,4,11,24,32,4,48,X,7,13,21,5,40,X,8,15,16,0
"영양군","동반가구원수 (명)",16,4,X,5,X,X,14,X,X,5,X,X,26,11,X,6,6,0,20,7,X,4,5,X,17,9,X,4,X,X,10,0,X,8,X,0
"영덕군","귀농가구원수 (명)",75,14,9,19,29,4,79,15,10,26,20,8,65,9,7,25,19,5,86,7,13,28,35,X,60,8,10,19,20,X,63,6,7,16,26,8
"영덕군","귀농인수 (명)",52,4,5,15,25,X,59,6,8,22,17,6,52,X,5,23,17,5,72,4,10,24,32,X,49,X,8,18,18,X,52,X,6,14,22,7
"영덕군","동반가구원수 (명)",23,10,4,4,4,X,20,9,X,4,X,X,13,7,X,X,X,0,14,X,X,4,X,X,11,6,X,X,X,0,11,X,X,X,4,X
"청도군","귀농가구원수 (명)",158,22,20,60,41,15,184,51,17,58,48,10,147,24,15,44,52,12,168,20,12,55,66,15,158,26,15,52,51,14,135,18,9,42,54,12
"청도군","귀농인수 (명)",109,5,16,45,34,9,122,16,16,45,38,7,106,7,10,36,44,9,135,11,12,41,58,13,131,10,12,45,50,14,108,7,7,36,47,11
"청도군","동반가구원수 (명)",49,17,4,15,7,6,62,35,X,13,10,X,41,17,5,8,8,X,33,9,0,14,8,X,27,16,X,7,X,0,27,11,X,6,7,X
"고령군","귀농가구원수 (명)",64,7,14,25,15,X,78,13,16,25,18,6,50,8,10,22,9,X,67,11,5,14,34,X,68,9,5,21,25,8,73,14,11,22,18,8
"고령군","귀농인수 (명)",46,X,7,21,13,X,55,X,10,22,14,6,36,X,7,19,7,X,53,X,5,13,29,X,56,6,5,18,20,7,69,12,11,21,17,8
"고령군","동반가구원수 (명)",18,4,7,4,X,X,23,10,6,X,4,0,14,6,X,X,X,0,14,8,0,X,5,0,12,X,0,X,5,X,4,X,0,X,X,0
"성주군","귀농가구원수 (명)",169,39,28,51,44,7,151,21,26,51,44,9,142,41,22,40,33,6,180,27,27,63,52,11,153,26,19,38,61,9,115,24,17,32,32,10
"성주군","귀농인수 (명)",125,16,23,42,39,5,112,7,21,44,36,4,97,13,18,34,30,X,148,14,25,55,48,6,126,18,15,34,51,8,93,13,17,28,27,8
"성주군","동반가구원수 (명)",44,23,5,9,5,X,39,14,5,7,8,5,45,28,4,6,X,4,32,13,X,8,4,5,27,8,4,4,10,X,22,11,0,4,5,X
"칠곡군","귀농가구원수 (명)",83,23,15,21,17,7,62,13,6,22,19,X,62,16,6,19,18,X,101,33,16,23,26,X,65,16,4,20,17,8,45,5,0,22,13,5
"칠곡군","귀농인수 (명)",49,4,10,18,11,6,49,9,4,19,15,X,50,10,6,15,16,X,65,11,11,19,21,X,51,9,X,17,15,7,31,X,0,14,12,X
"칠곡군","동반가구원수 (명)",34,19,5,X,6,X,13,4,X,X,4,0,12,6,0,4,X,0,36,22,5,4,5,0,14,7,X,X,X,X,14,X,0,8,X,X
"예천군","귀농가구원수 (명)",198,40,31,61,46,20,153,26,27,49,41,10,215,36,15,68,78,18,223,53,25,38,83,24,184,33,17,48,70,16,143,26,13,39,48,17
"예천군","귀농인수 (명)",142,19,23,49,37,14,112,9,22,41,33,7,151,10,12,53,63,13,153,16,20,29,70,18,146,14,14,40,66,12,117,12,12,35,43,15
"예천군","동반가구원수 (명)",56,21,8,12,9,6,41,17,5,8,8,X,64,26,X,15,15,5,70,37,5,9,13,6,38,19,X,8,4,4,26,14,X,4,5,X
"봉화군","귀농가구원수 (명)",151,23,14,66,40,8,134,12,17,56,43,6,139,16,20,60,37,6,152,17,17,55,55,8,146,14,14,47,55,16,112,14,10,35,46,7
"봉화군","귀농인수 (명)",95,4,9,46,32,4,101,5,13,43,35,5,104,4,16,50,29,5,117,10,16,40,46,5,112,7,10,36,45,14,91,7,9,31,39,5
"봉화군","동반가구원수 (명)",56,19,5,20,8,4,33,7,4,13,8,X,35,12,4,10,8,X,35,7,X,15,9,X,34,7,4,11,10,X,21,7,X,4,7,X
"울진군","귀농가구원수 (명)",61,19,8,20,12,X,41,6,X,15,9,8,52,10,4,12,17,9,50,X,4,18,19,7,47,5,X,16,21,4,53,10,7,11,22,X
"울진군","귀농인수 (명)",37,5,6,16,8,X,31,X,X,12,8,6,35,5,X,8,11,8,39,X,X,12,16,6,39,X,X,13,19,4,40,4,5,10,18,X
"울진군","동반가구원수 (명)",24,14,X,4,4,0,10,4,0,X,X,X,17,5,X,4,6,X,11,0,X,6,X,X,8,X,0,X,X,0,13,6,X,X,4,0
"울릉군","귀농가구원수 (명)",12,X,X,X,X,X,6,0,0,6,0,0,X,0,0,X,X,0,7,0,X,X,X,X,16,0,0,8,7,X,11,X,X,4,X,X
"울릉군","귀농인수 (명)",8,0,X,X,X,X,4,0,0,4,0,0,X,0,0,X,X,0,5,0,X,X,X,X,13,0,0,6,6,X,9,0,X,X,X,X
"울릉군","동반가구원수 (명)",4,X,0,X,X,0,X,0,0,X,0,0,0,0,0,0,0,0,X,0,0,X,X,0,X,0,0,X,X,0,X,X,0,X,0,0
"경상남도","귀농가구원수 (명)",2257,511,334,707,553,152,1945,419,224,625,559,118,1846,357,194,567,590,138,2305,445,245,665,780,170,2046,323,192,613,729,189,1555,264,152,435,572,132
"경상남도","귀농인수 (명)",1518,148,256,538,461,115,1323,118,173,485,456,91,1349,128,164,455,490,112,1699,165,193,528,671,142,1530,118,150,490,618,154,1220,129,127,366,488,110
"경상남도","동반가구원수 (명)",739,363,78,169,92,37,622,301,51,140,103,27,497,229,30,112,100,26,606,280,52,137,109,28,516,205,42,123,111,35,335,135,25,69,84,22
"창원시","귀농가구원수 (명)",89,20,11,31,23,4,77,17,15,19,19,7,73,18,8,19,24,4,86,20,7,27,29,X,93,18,9,32,23,11,54,13,4,11,25,1
"창원시","귀농인수 (명)",61,6,10,23,19,X,55,6,12,17,14,6,50,8,7,11,20,4,58,7,5,19,25,X,66,5,9,25,18,9,40,7,3,9,20,1
"창원시","동반가구원수 (명)",28,14,X,8,4,X,22,11,X,X,5,X,23,10,X,8,4,0,28,13,X,8,4,X,27,13,0,7,5,X,14,6,1,2,5,0
"진주시","귀농가구원수 (명)",130,33,25,32,27,13,118,25,13,40,32,8,124,27,15,39,35,8,156,42,20,35,44,15,129,22,14,36,42,15,75,16,11,17,24,7
"진주시","귀농인수 (명)",88,12,21,22,24,9,83,10,11,30,25,7,98,9,11,35,35,8,107,15,16,25,38,13,90,8,11,25,35,11,60,11,9,15,19,6
"진주시","동반가구원수 (명)",42,21,4,10,X,4,35,15,X,10,7,X,26,18,4,4,0,0,49,27,4,10,6,X,39,14,X,11,7,4,15,5,2,2,5,1
"통영시","귀농가구원수 (명)",57,21,7,17,8,4,46,17,9,9,9,X,32,12,4,8,6,X,35,8,5,15,7,0,35,9,5,12,7,X,25,2,2,11,9,1
"통영시","귀농인수 (명)",32,6,6,10,8,X,27,X,8,9,6,X,21,4,4,7,4,X,24,X,X,13,6,0,21,X,X,8,5,X,20,1,1,9,8,1
"통영시","동반가구원수 (명)",25,15,X,7,0,X,19,14,X,0,X,X,11,8,0,X,X,0,11,6,X,X,X,0,14,6,X,4,X,0,5,1,1,2,1,0
"사천시","귀농가구원수 (명)",99,26,21,32,16,4,82,19,11,22,27,X,61,11,7,15,18,10,89,23,9,25,27,5,64,13,7,17,20,7,75,18,10,26,11,10
"사천시","귀농인수 (명)",67,10,17,23,13,4,58,4,10,19,23,X,46,4,6,13,15,8,62,10,6,20,22,4,54,9,6,16,17,6,49,2,9,19,11,8
"사천시","동반가구원수 (명)",32,16,4,9,X,0,24,15,X,X,4,X,15,7,X,X,X,X,27,13,X,5,5,X,10,4,X,X,X,X,26,16,1,7,0,2
"김해시","귀농가구원수 (명)",93,26,6,32,24,5,75,30,5,22,14,4,70,31,8,12,17,X,61,17,8,19,12,5,66,20,10,20,12,4,52,8,4,13,18,9
"김해시","귀농인수 (명)",63,11,4,22,22,4,43,7,5,16,13,X,43,12,6,9,14,X,42,7,7,15,11,X,45,11,7,16,8,X,43,4,4,12,15,8
"김해시","동반가구원수 (명)",30,15,X,10,X,X,32,23,0,6,X,X,27,19,X,X,X,0,19,10,X,4,X,X,21,9,X,4,4,X,9,4,0,1,3,1
"밀양시","귀농가구원수 (명)",229,47,39,67,64,12,166,20,16,60,61,9,157,28,22,51,46,10,213,46,21,74,60,12,199,39,19,69,57,15,138,23,16,43,48,8
"밀양시","귀농인수 (명)",162,15,29,54,54,10,137,11,15,48,56,7,121,12,21,42,39,7,168,23,20,59,54,12,156,20,16,57,50,13,114,15,15,37,40,7
"밀양시","동반가구원수 (명)",67,32,10,13,10,X,29,9,X,12,5,X,36,16,X,9,7,X,45,23,X,15,6,0,43,19,X,12,7,X,24,8,1,6,8,1
"거제시","귀농가구원수 (명)",56,21,9,14,11,X,65,20,14,22,7,X,31,6,X,13,8,X,59,8,8,18,22,X,48,X,X,18,23,5,59,12,11,17,17,2
"거제시","귀농인수 (명)",37,7,8,10,11,X,38,5,10,15,6,X,24,X,X,10,7,X,43,X,6,14,18,X,36,0,X,13,18,4,39,2,8,14,15,0
"거제시","동반가구원수 (명)",19,14,X,4,0,0,27,15,4,7,X,0,7,X,0,X,X,0,16,5,X,4,4,X,12,X,0,5,5,X,20,10,3,3,2,2
"양산시","귀농가구원수 (명)",74,28,14,16,12,4,52,15,8,16,9,4,37,11,4,7,12,X,34,13,6,10,5,0,60,12,X,23,20,X,62,23,11,15,10,3
"양산시","귀농인수 (명)",40,5,10,12,9,4,27,X,X,12,7,X,27,X,4,7,10,X,20,4,4,8,4,0,33,X,X,14,15,X,33,7,7,10,8,1
"양산시","동반가구원수 (명)",34,23,4,4,X,0,25,13,5,4,X,X,10,8,0,0,X,0,14,9,X,X,X,0,27,11,0,9,5,X,29,16,4,5,2,2
"의령군","귀농가구원수 (명)",127,27,18,39,32,11,89,18,7,24,35,5,100,13,9,28,46,4,132,9,15,33,63,12,116,6,X,42,52,13,60,10,X,16,27,5
"의령군","귀농인수 (명)",85,7,12,31,26,9,62,4,6,18,29,5,81,7,7,25,38,4,112,7,13,26,56,10,94,X,X,34,45,12,50,7,X,12,25,5
"의령군","동반가구원수 (명)",42,20,6,8,6,X,27,14,X,6,6,0,19,6,X,X,8,0,20,X,X,7,7,X,22,4,X,8,7,X,10,X,X,4,X,0
"함안군","귀농가구원수 (명)",72,10,11,25,21,5,76,15,7,21,25,8,63,11,9,17,16,10,113,15,10,38,44,6,80,8,9,24,32,7,67,5,X,22,29,8
"함안군","귀농인수 (명)",58,4,8,23,19,4,56,5,5,18,21,7,46,X,7,14,14,8,86,5,7,32,36,6,66,X,9,21,27,6,56,X,X,20,25,6
"함안군","동반가구원수 (명)",14,6,X,X,X,X,20,10,X,X,4,X,17,8,X,X,X,X,27,10,X,6,8,0,14,5,0,X,5,X,11,X,0,X,4,X
"창녕군","귀농가구원수 (명)",204,41,33,73,43,14,233,68,21,73,62,9,168,34,23,47,46,18,187,44,29,55,47,12,170,36,12,42,67,13,113,27,8,26,43,9
"창녕군","귀농인수 (명)",130,6,24,52,38,10,132,16,15,53,43,5,114,10,21,37,35,11,127,17,23,40,39,8,124,15,11,32,54,12,87,15,7,22,35,8
"창녕군","동반가구원수 (명)",74,35,9,21,5,4,101,52,6,20,19,4,54,24,X,10,11,7,60,27,6,15,8,4,46,21,X,10,13,X,26,12,X,4,8,X
"고성군","귀농가구원수 (명)",104,16,13,29,35,11,73,12,8,28,23,X,87,14,9,26,34,4,136,27,18,35,42,14,117,16,8,25,56,12,96,13,12,34,30,7
"고성군","귀농인수 (명)",76,6,12,24,27,7,59,4,7,25,21,X,65,4,8,21,29,X,102,9,14,30,37,12,90,6,6,21,49,8,78,9,8,29,26,6
"고성군","동반가구원수 (명)",28,10,X,5,8,4,14,8,X,X,X,0,22,10,X,5,5,X,34,18,4,5,5,X,27,10,X,4,7,4,18,4,4,5,4,X
"남해군","귀농가구원수 (명)",103,17,16,31,31,8,76,18,7,20,25,6,72,19,8,22,18,5,121,24,16,28,37,16,88,9,12,25,30,12,92,9,10,28,40,5
"남해군","귀농인수 (명)",73,4,11,25,26,7,45,5,4,16,15,5,52,8,7,17,16,4,81,5,12,19,32,13,69,X,9,21,27,9,74,4,9,24,33,4
"남해군","동반가구원수 (명)",30,13,5,6,5,X,31,13,X,4,10,X,20,11,X,5,X,X,40,19,4,9,5,X,19,6,X,4,X,X,18,5,X,4,7,X
"하동군","귀농가구원수 (명)",152,20,24,44,52,12,122,18,19,45,35,5,155,32,13,66,40,4,188,42,25,48,58,15,160,29,23,41,66,X,107,23,11,24,43,6
"하동군","귀농인수 (명)",107,5,18,32,44,8,90,5,15,36,30,4,111,8,11,58,31,X,134,12,21,38,49,14,113,8,17,31,56,X,86,11,11,20,38,6
"하동군","동반가구원수 (명)",45,15,6,12,8,4,32,13,4,9,5,X,44,24,X,8,9,X,54,30,4,10,9,X,47,21,6,10,10,0,21,12,0,4,5,0
"산청군","귀농가구원수 (명)",147,36,24,47,30,10,151,30,9,56,45,11,176,30,13,55,66,12,164,24,18,63,45,14,146,23,16,48,48,11,148,25,10,29,66,18
"산청군","귀농인수 (명)",96,12,17,33,24,10,106,11,6,43,38,8,123,10,10,39,54,10,120,8,13,51,36,12,110,8,13,38,41,10,123,16,8,26,57,16
"산청군","동반가구원수 (명)",51,24,7,14,6,0,45,19,X,13,7,X,53,20,X,16,12,X,44,16,5,12,9,X,36,15,X,10,7,X,25,9,X,X,9,X
"함양군","귀농가구원수 (명)",175,34,16,69,44,12,127,14,16,49,34,14,138,20,13,49,42,14,176,21,8,53,76,18,152,19,16,54,51,12,86,7,12,28,32,7
"함양군","귀농인수 (명)",124,8,13,59,36,8,90,X,13,36,29,10,105,7,11,39,37,11,141,7,7,45,67,15,113,X,9,46,45,11,72,X,10,25,30,4
"함양군","동반가구원수 (명)",51,26,X,10,8,4,37,12,X,13,5,4,33,13,X,10,5,X,35,14,X,8,9,X,39,17,7,8,6,X,14,4,X,X,X,X
"거창군","귀농가구원수 (명)",173,55,27,45,38,8,137,26,18,38,46,9,111,15,10,36,42,8,194,43,13,48,77,13,172,24,15,51,61,21,118,8,9,38,51,12
"거창군","귀농인수 (명)",99,14,20,32,26,7,97,9,13,30,37,8,84,6,8,29,34,7,139,18,9,37,63,12,122,5,12,40,50,15,98,5,8,31,44,10
"거창군","동반가구원수 (명)",74,41,7,13,12,X,40,17,5,8,9,X,27,9,X,7,8,X,55,25,4,11,14,X,50,19,X,11,11,6,20,X,X,7,7,X
"합천군","귀농가구원수 (명)",173,33,20,64,42,14,180,37,21,61,51,10,191,25,16,57,74,19,161,19,9,41,85,7,151,19,11,34,62,25,128,22,6,37,49,14
"합천군","귀농인수 (명)",120,10,16,51,35,8,118,9,15,44,43,7,138,10,12,42,58,16,133,6,7,37,78,5,128,9,8,32,58,21,98,8,6,32,39,13
"합천군","동반가구원수 (명)",53,23,4,13,7,6,62,28,6,17,8,X,53,15,4,15,16,X,28,13,X,4,7,X,23,10,X,X,4,4,30,14,0,5,10,X
"제주특별자치도","귀농가구원수 (명)",422,134,92,116,68,12,320,83,73,98,58,8,336,110,86,85,44,11,339,104,64,107,53,11,382,125,77,94,73,13,352,102,51,82,99,18
"제주특별자치도","귀농인수 (명)",281,42,83,92,57,7,238,31,63,86,52,6,231,35,77,73,36,10,250,51,53,93,44,9,249,38,61,82,59,9,243,43,43,63,80,14
"제주특별자치도","동반가구원수 (명)",141,92,9,24,11,5,82,52,10,12,6,X,105,75,9,12,8,X,89,53,11,14,9,X,133,87,16,12,14,4,109,59,8,19,19,4
"제주시","귀농가구원수 (명)",240,78,54,71,34,X,172,48,39,50,31,4,184,67,52,42,19,4,167,50,34,53,25,5,206,72,36,56,35,7,204,66,28,49,52,9
"제주시","귀농인수 (명)",151,20,46,55,29,X,128,20,33,44,27,4,119,19,48,33,16,X,119,20,28,46,21,4,128,20,28,48,27,5,137,26,24,38,42,7
"제주시","동반가구원수 (명)",89,58,8,16,5,X,44,28,6,6,4,0,65,48,4,9,X,X,48,30,6,7,4,X,78,52,8,8,8,X,67,40,4,11,10,X
"서귀포시","귀농가구원수 (명)",182,56,38,45,34,9,148,35,34,48,27,4,152,43,34,43,25,7,172,54,30,54,28,6,176,53,41,38,38,6,148,36,23,33,47,9
"서귀포시","귀농인수 (명)",130,22,37,37,28,6,110,11,30,42,25,X,112,16,29,40,20,7,131,31,25,47,23,5,121,18,33,34,32,4,106,17,19,25,38,7
"서귀포시","동반가구원수 (명)",52,34,X,8,6,X,38,24,4,6,X,X,40,27,5,X,5,0,41,23,5,7,5,X,55,35,8,4,6,X,42,19,4,8,9,X
